size;array_type;threshold;time_ms
500;"random";0;0.1984
600;"random";0;0.2337
700;"random";0;0.3776
800;"random";0;0.4959
900;"random";0;0.3954
1000;"random";0;0.3828
1100;"random";0;0.4123
1200;"random";0;0.4471
1300;"random";0;0.4965
1400;"random";0;0.5283
1500;"random";0;0.5643
1600;"random";0;0.6032
1700;"random";0;0.7048
1800;"random";0;0.6894
1900;"random";0;0.7386
2000;"random";0;0.7674
2100;"random";0;0.8225
2200;"random";0;0.875
2300;"random";0;0.8787
2400;"random";0;1.0762
2500;"random";0;1.0099
2600;"random";0;1.1872
2700;"random";0;1.0866
2800;"random";0;1.2739
2900;"random";0;1.1267
3000;"random";0;1.3229
3100;"random";0;1.1993
3200;"random";0;1.2239
3300;"random";0;1.263
3400;"random";0;1.3201
3500;"random";0;1.4213
3600;"random";0;1.5266
3700;"random";0;1.4776
3800;"random";0;1.4769
3900;"random";0;1.5823
4000;"random";0;1.5502
4100;"random";0;1.6211
4200;"random";0;1.6197
4300;"random";0;1.9442
4400;"random";0;1.7125
4500;"random";0;2.086
4600;"random";0;1.8111
4700;"random";0;1.8419
4800;"random";0;1.9452
4900;"random";0;1.9484
5000;"random";0;1.9695
5100;"random";0;2.0246
5200;"random";0;2.3255
5300;"random";0;2.146
5400;"random";0;2.1289
5500;"random";0;2.2166
5600;"random";0;2.217
5700;"random";0;2.3054
5800;"random";0;2.758
5900;"random";0;3.6604
6000;"random";0;3.6558
6100;"random";0;2.8895
6200;"random";0;2.501
6300;"random";0;2.7722
6400;"random";0;2.4853
6500;"random";0;2.5374
6600;"random";0;2.5485
6700;"random";0;2.6003
6800;"random";0;2.8741
6900;"random";0;2.8349
7000;"random";0;2.7503
7100;"random";0;2.7941
7200;"random";0;2.8588
7300;"random";0;3.5429
7400;"random";0;2.8741
7500;"random";0;2.9594
7600;"random";0;3.3242
7700;"random";0;3.0181
7800;"random";0;3.2302
7900;"random";0;3.1015
8000;"random";0;3.2045
8100;"random";0;3.2035
8200;"random";0;3.295
8300;"random";0;3.2809
8400;"random";0;3.3074
8500;"random";0;3.3435
8600;"random";0;3.3861
8700;"random";0;3.4894
8800;"random";0;3.4615
8900;"random";0;3.5284
9000;"random";0;3.5797
9100;"random";0;3.8019
9200;"random";0;3.6614
9300;"random";0;3.6624
9400;"random";0;3.8207
9500;"random";0;3.8014
9600;"random";0;3.8101
9700;"random";0;3.8473
9800;"random";0;4.2528
9900;"random";0;3.9892
10000;"random";0;3.967
500;"reversed";0;0.1382
600;"reversed";0;0.1653
700;"reversed";0;0.193
800;"reversed";0;0.2218
900;"reversed";0;0.2645
1000;"reversed";0;0.2864
1100;"reversed";0;0.3151
1200;"reversed";0;0.3359
1300;"reversed";0;0.3656
1400;"reversed";0;0.4398
1500;"reversed";0;0.4356
1600;"reversed";0;0.4578
1700;"reversed";0;0.496
1800;"reversed";0;0.5184
1900;"reversed";0;0.5476
2000;"reversed";0;0.5804
2100;"reversed";0;0.6058
2200;"reversed";0;0.6407
2300;"reversed";0;0.667
2400;"reversed";0;0.7062
2500;"reversed";0;0.7289
2600;"reversed";0;0.8586
2700;"reversed";0;0.7881
2800;"reversed";0;0.8221
2900;"reversed";0;0.8509
3000;"reversed";0;0.8804
3100;"reversed";0;0.9362
3200;"reversed";0;0.9483
3300;"reversed";0;1.5477
3400;"reversed";0;1.0242
3500;"reversed";0;1.0567
3600;"reversed";0;1.0709
3700;"reversed";0;1.0968
3800;"reversed";0;1.155
3900;"reversed";0;2.1084
4000;"reversed";0;1.1917
4100;"reversed";0;1.2214
4200;"reversed";0;1.2456
4300;"reversed";0;1.9448
4400;"reversed";0;1.3361
4500;"reversed";0;1.3623
4600;"reversed";0;1.3834
4700;"reversed";0;1.4233
4800;"reversed";0;1.586
4900;"reversed";0;1.504
5000;"reversed";0;1.5279
5100;"reversed";0;1.5392
5200;"reversed";0;1.5872
5300;"reversed";0;1.6252
5400;"reversed";0;2.0283
5500;"reversed";0;1.6901
5600;"reversed";0;1.7774
5700;"reversed";0;1.7483
5800;"reversed";0;1.8048
5900;"reversed";0;1.8252
6000;"reversed";0;1.9901
6100;"reversed";0;1.9767
6200;"reversed";0;2.0137
6300;"reversed";0;2.0814
6400;"reversed";0;2.0154
6500;"reversed";0;2.0429
6600;"reversed";0;2.0722
6700;"reversed";0;2.1157
6800;"reversed";0;2.1411
6900;"reversed";0;2.1701
7000;"reversed";0;2.2136
7100;"reversed";0;2.237
7200;"reversed";0;2.3119
7300;"reversed";0;3.7567
7400;"reversed";0;3.3882
7500;"reversed";0;2.3833
7600;"reversed";0;2.4172
7700;"reversed";0;2.6047
7800;"reversed";0;2.4626
7900;"reversed";0;2.4846
8000;"reversed";0;3.0162
8100;"reversed";0;2.5882
8200;"reversed";0;2.8019
8300;"reversed";0;2.6314
8400;"reversed";0;2.6562
8500;"reversed";0;2.6998
8600;"reversed";0;2.731
8700;"reversed";0;2.7654
8800;"reversed";0;2.8099
8900;"reversed";0;3.1533
9000;"reversed";0;3.3717
9100;"reversed";0;3.0237
9200;"reversed";0;2.955
9300;"reversed";0;2.9541
9400;"reversed";0;4.1435
9500;"reversed";0;3.1509
9600;"reversed";0;5.002
9700;"reversed";0;4.0392
9800;"reversed";0;3.2812
9900;"reversed";0;3.5738
10000;"reversed";0;3.2102
500;"almost_sorted";0;0.1401
600;"almost_sorted";0;0.1667
700;"almost_sorted";0;0.1965
800;"almost_sorted";0;0.2249
900;"almost_sorted";0;0.2554
1000;"almost_sorted";0;0.2864
1100;"almost_sorted";0;0.3119
1200;"almost_sorted";0;0.342
1300;"almost_sorted";0;0.3667
1400;"almost_sorted";0;0.3978
1500;"almost_sorted";0;0.4276
1600;"almost_sorted";0;0.5328
1700;"almost_sorted";0;0.5089
1800;"almost_sorted";0;0.5194
1900;"almost_sorted";0;0.5496
2000;"almost_sorted";0;0.5779
2100;"almost_sorted";0;0.6094
2200;"almost_sorted";0;0.6409
2300;"almost_sorted";0;0.6716
2400;"almost_sorted";0;0.7011
2500;"almost_sorted";0;0.733
2600;"almost_sorted";0;0.7608
2700;"almost_sorted";0;0.7908
2800;"almost_sorted";0;0.821
2900;"almost_sorted";0;1.0253
3000;"almost_sorted";0;0.9135
3100;"almost_sorted";0;0.9251
3200;"almost_sorted";0;0.9847
3300;"almost_sorted";0;0.9816
3400;"almost_sorted";0;1.0188
3500;"almost_sorted";0;1.1572
3600;"almost_sorted";0;1.0645
3700;"almost_sorted";0;1.1031
3800;"almost_sorted";0;1.1437
3900;"almost_sorted";0;1.1625
4000;"almost_sorted";0;1.1903
4100;"almost_sorted";0;1.2221
4200;"almost_sorted";0;1.2592
4300;"almost_sorted";0;1.2868
4400;"almost_sorted";0;1.347
4500;"almost_sorted";0;1.3542
4600;"almost_sorted";0;1.3719
4700;"almost_sorted";0;1.4221
4800;"almost_sorted";0;1.4516
4900;"almost_sorted";0;1.4876
5000;"almost_sorted";0;1.6202
5100;"almost_sorted";0;1.5499
5200;"almost_sorted";0;1.5886
5300;"almost_sorted";0;1.6148
5400;"almost_sorted";0;1.6483
5500;"almost_sorted";0;1.6962
5600;"almost_sorted";0;1.7447
5700;"almost_sorted";0;1.7431
5800;"almost_sorted";0;1.7725
5900;"almost_sorted";0;1.8201
6000;"almost_sorted";0;2.1888
6100;"almost_sorted";0;1.9654
6200;"almost_sorted";0;2.0019
6300;"almost_sorted";0;2.0232
6400;"almost_sorted";0;2.202
6500;"almost_sorted";0;2.1129
6600;"almost_sorted";0;2.1462
6700;"almost_sorted";0;2.1742
6800;"almost_sorted";0;2.8739
6900;"almost_sorted";0;3.7381
7000;"almost_sorted";0;3.8189
7100;"almost_sorted";0;2.4973
7200;"almost_sorted";0;2.2411
7300;"almost_sorted";0;2.2607
7400;"almost_sorted";0;2.2916
7500;"almost_sorted";0;2.4448
7600;"almost_sorted";0;2.4892
7700;"almost_sorted";0;2.4981
7800;"almost_sorted";0;2.5962
7900;"almost_sorted";0;2.5851
8000;"almost_sorted";0;2.6121
8100;"almost_sorted";0;2.7027
8200;"almost_sorted";0;2.6517
8300;"almost_sorted";0;2.6901
8400;"almost_sorted";0;2.9483
8500;"almost_sorted";0;2.7927
8600;"almost_sorted";0;2.8115
8700;"almost_sorted";0;3.2537
8800;"almost_sorted";0;2.8872
8900;"almost_sorted";0;2.899
9000;"almost_sorted";0;3.0662
9100;"almost_sorted";0;3.0112
9200;"almost_sorted";0;3.0082
9300;"almost_sorted";0;3.2892
9400;"almost_sorted";0;3.093
9500;"almost_sorted";0;3.1301
9600;"almost_sorted";0;3.1642
9700;"almost_sorted";0;3.1873
9800;"almost_sorted";0;3.5545
9900;"almost_sorted";0;5.3562
10000;"almost_sorted";0;4.7528
500;"random";5;0.0915
600;"random";5;0.105
700;"random";5;0.1316
800;"random";5;0.1636
900;"random";5;0.1782
1000;"random";5;0.1937
1100;"random";5;0.2108
1200;"random";5;0.2224
1300;"random";5;0.2434
1400;"random";5;0.281
1500;"random";5;0.3234
1600;"random";5;0.3466
1700;"random";5;0.3682
1800;"random";5;0.3798
1900;"random";5;0.4184
2000;"random";5;0.415
2100;"random";5;0.4293
2200;"random";5;0.4581
2300;"random";5;0.4607
2400;"random";5;0.4805
2500;"random";5;0.4961
2600;"random";5;0.5259
2700;"random";5;0.5608
2800;"random";5;0.6034
2900;"random";5;0.6449
3000;"random";5;0.6838
3100;"random";5;0.7279
3200;"random";5;0.7406
3300;"random";5;1.1305
3400;"random";5;1.0105
3500;"random";5;1.1962
3600;"random";5;1.2389
3700;"random";5;1.2434
3800;"random";5;1.3436
3900;"random";5;1.3248
4000;"random";5;1.3002
4100;"random";5;1.2962
4200;"random";5;1.3895
4300;"random";5;1.4041
4400;"random";5;1.4839
4500;"random";5;0.9978
4600;"random";5;1.016
4700;"random";5;1.0095
4800;"random";5;1.0339
4900;"random";5;1.0465
5000;"random";5;1.069
5100;"random";5;1.0821
5200;"random";5;1.1255
5300;"random";5;1.1689
5400;"random";5;1.2021
5500;"random";5;1.2439
5600;"random";5;1.3746
5700;"random";5;1.3299
5800;"random";5;1.388
5900;"random";5;1.4394
6000;"random";5;1.4553
6100;"random";5;1.5045
6200;"random";5;1.5357
6300;"random";5;1.5605
6400;"random";5;1.5809
6500;"random";5;1.7228
6600;"random";5;1.6315
6700;"random";5;1.8296
6800;"random";5;1.7394
6900;"random";5;2.1197
7000;"random";5;1.6903
7100;"random";5;1.7133
7200;"random";5;1.7294
7300;"random";5;1.8426
7400;"random";5;1.7743
7500;"random";5;1.8077
7600;"random";5;1.7981
7700;"random";5;1.8261
7800;"random";5;1.8387
7900;"random";5;1.8514
8000;"random";5;1.8783
8100;"random";5;1.9816
8200;"random";5;2.0558
8300;"random";5;1.9793
8400;"random";5;2.0891
8500;"random";5;2.0223
8600;"random";5;2.0572
8700;"random";5;2.0346
8800;"random";5;2.2195
8900;"random";5;2.131
9000;"random";5;2.1007
9100;"random";5;2.1451
9200;"random";5;2.1465
9300;"random";5;2.1817
9400;"random";5;2.4846
9500;"random";5;2.2211
9600;"random";5;2.283
9700;"random";5;2.2626
9800;"random";5;2.284
9900;"random";5;2.2815
10000;"random";5;2.6487
500;"reversed";5;0.0658
600;"reversed";5;0.0707
700;"reversed";5;0.0936
800;"reversed";5;0.1164
900;"reversed";5;0.1247
1000;"reversed";5;0.1324
1100;"reversed";5;0.1422
1200;"reversed";5;0.1499
1300;"reversed";5;0.1658
1400;"reversed";5;0.1936
1500;"reversed";5;0.226
1600;"reversed";5;0.243
1700;"reversed";5;0.255
1800;"reversed";5;0.2623
1900;"reversed";5;0.2719
2000;"reversed";5;0.2895
2100;"reversed";5;0.2912
2200;"reversed";5;0.3025
2300;"reversed";5;0.3152
2400;"reversed";5;0.3258
2500;"reversed";5;0.4284
2600;"reversed";5;0.3643
2700;"reversed";5;0.3965
2800;"reversed";5;0.4241
2900;"reversed";5;0.4596
3000;"reversed";5;0.4922
3100;"reversed";5;0.5193
3200;"reversed";5;0.5294
3300;"reversed";5;0.5507
3400;"reversed";5;0.701
3500;"reversed";5;0.5665
3600;"reversed";5;0.5729
3700;"reversed";5;0.7345
3800;"reversed";5;0.6079
3900;"reversed";5;0.608
4000;"reversed";5;0.6184
4100;"reversed";5;0.6205
4200;"reversed";5;0.6336
4300;"reversed";5;0.6363
4400;"reversed";5;0.651
4500;"reversed";5;0.66
4600;"reversed";5;0.6924
4700;"reversed";5;0.7767
4800;"reversed";5;0.7003
4900;"reversed";5;0.7093
5000;"reversed";5;0.7259
5100;"reversed";5;0.7316
5200;"reversed";5;0.7691
5300;"reversed";5;0.8194
5400;"reversed";5;0.8379
5500;"reversed";5;0.8698
5600;"reversed";5;0.9022
5700;"reversed";5;0.9382
5800;"reversed";5;0.9699
5900;"reversed";5;0.9986
6000;"reversed";5;1.0196
6100;"reversed";5;1.0527
6200;"reversed";5;1.2393
6300;"reversed";5;1.0915
6400;"reversed";5;1.1054
6500;"reversed";5;1.1218
6600;"reversed";5;1.8807
6700;"reversed";5;1.8801
6800;"reversed";5;1.9047
6900;"reversed";5;1.1737
7000;"reversed";5;1.1842
7100;"reversed";5;1.1973
7200;"reversed";5;1.2931
7300;"reversed";5;1.237
7400;"reversed";5;1.2264
7500;"reversed";5;1.2368
7600;"reversed";5;1.9082
7700;"reversed";5;2.0293
7800;"reversed";5;1.2755
7900;"reversed";5;1.3013
8000;"reversed";5;1.3212
8100;"reversed";5;1.297
8200;"reversed";5;1.3111
8300;"reversed";5;1.3425
8400;"reversed";5;1.3384
8500;"reversed";5;1.3478
8600;"reversed";5;1.3822
8700;"reversed";5;1.3986
8800;"reversed";5;1.4071
8900;"reversed";5;1.4234
9000;"reversed";5;1.4217
9100;"reversed";5;1.4498
9200;"reversed";5;1.4422
9300;"reversed";5;1.4409
9400;"reversed";5;1.463
9500;"reversed";5;1.8321
9600;"reversed";5;1.6595
9700;"reversed";5;1.5193
9800;"reversed";5;1.5224
9900;"reversed";5;1.5722
10000;"reversed";5;1.5518
500;"almost_sorted";5;0.0641
600;"almost_sorted";5;0.0689
700;"almost_sorted";5;0.0934
800;"almost_sorted";5;0.1204
900;"almost_sorted";5;0.1302
1000;"almost_sorted";5;0.1327
1100;"almost_sorted";5;0.1415
1200;"almost_sorted";5;0.1476
1300;"almost_sorted";5;0.1645
1400;"almost_sorted";5;0.1966
1500;"almost_sorted";5;0.2289
1600;"almost_sorted";5;0.2458
1700;"almost_sorted";5;0.258
1800;"almost_sorted";5;0.2641
1900;"almost_sorted";5;0.2757
2000;"almost_sorted";5;0.493
2100;"almost_sorted";5;0.2915
2200;"almost_sorted";5;0.2934
2300;"almost_sorted";5;0.3041
2400;"almost_sorted";5;0.3163
2500;"almost_sorted";5;0.3227
2600;"almost_sorted";5;0.3408
2700;"almost_sorted";5;0.3786
2800;"almost_sorted";5;0.407
2900;"almost_sorted";5;0.4751
3000;"almost_sorted";5;0.4761
3100;"almost_sorted";5;0.4975
3200;"almost_sorted";5;0.5105
3300;"almost_sorted";5;0.5189
3400;"almost_sorted";5;0.5244
3500;"almost_sorted";5;0.5511
3600;"almost_sorted";5;0.5491
3700;"almost_sorted";5;0.5755
3800;"almost_sorted";5;0.5799
3900;"almost_sorted";5;0.5843
4000;"almost_sorted";5;0.5951
4100;"almost_sorted";5;0.6009
4200;"almost_sorted";5;0.6096
4300;"almost_sorted";5;0.6193
4400;"almost_sorted";5;0.6561
4500;"almost_sorted";5;0.638
4600;"almost_sorted";5;0.6417
4700;"almost_sorted";5;0.6659
4800;"almost_sorted";5;0.6713
4900;"almost_sorted";5;0.6764
5000;"almost_sorted";5;0.6838
5100;"almost_sorted";5;0.6905
5200;"almost_sorted";5;0.7372
5300;"almost_sorted";5;0.7899
5400;"almost_sorted";5;0.7969
5500;"almost_sorted";5;0.8339
5600;"almost_sorted";5;0.8693
5700;"almost_sorted";5;0.8987
5800;"almost_sorted";5;0.9346
5900;"almost_sorted";5;0.9981
6000;"almost_sorted";5;1.007
6100;"almost_sorted";5;1.0519
6200;"almost_sorted";5;1.0552
6300;"almost_sorted";5;1.0625
6400;"almost_sorted";5;1.0837
6500;"almost_sorted";5;1.4078
6600;"almost_sorted";5;1.0973
6700;"almost_sorted";5;1.1049
6800;"almost_sorted";5;1.121
6900;"almost_sorted";5;1.1464
7000;"almost_sorted";5;1.1799
7100;"almost_sorted";5;1.1544
7200;"almost_sorted";5;1.1656
7300;"almost_sorted";5;1.1871
7400;"almost_sorted";5;1.1822
7500;"almost_sorted";5;1.2551
7600;"almost_sorted";5;1.2137
7700;"almost_sorted";5;1.2389
7800;"almost_sorted";5;1.2354
7900;"almost_sorted";5;1.2296
8000;"almost_sorted";5;1.353
8100;"almost_sorted";5;1.586
8200;"almost_sorted";5;1.9686
8300;"almost_sorted";5;2.0242
8400;"almost_sorted";5;1.3194
8500;"almost_sorted";5;1.3183
8600;"almost_sorted";5;1.3398
8700;"almost_sorted";5;1.3656
8800;"almost_sorted";5;1.3547
8900;"almost_sorted";5;1.3511
9000;"almost_sorted";5;1.406
9100;"almost_sorted";5;1.4117
9200;"almost_sorted";5;1.3953
9300;"almost_sorted";5;1.4003
9400;"almost_sorted";5;1.4227
9500;"almost_sorted";5;1.4442
9600;"almost_sorted";5;1.4406
9700;"almost_sorted";5;1.4367
9800;"almost_sorted";5;1.4716
9900;"almost_sorted";5;1.4774
10000;"almost_sorted";5;1.4643
500;"random";10;0.0751
600;"random";10;0.0869
700;"random";10;0.1161
800;"random";10;0.1313
900;"random";10;0.1468
1000;"random";10;0.1582
1100;"random";10;0.1722
1200;"random";10;0.1883
1300;"random";10;0.2084
1400;"random";10;0.2506
1500;"random";10;0.268
1600;"random";10;0.2837
1700;"random";10;0.3049
1800;"random";10;0.3135
1900;"random";10;0.3295
2000;"random";10;0.3516
2100;"random";10;0.3631
2200;"random";10;0.3801
2300;"random";10;0.3911
2400;"random";10;0.4122
2500;"random";10;0.4231
2600;"random";10;0.4584
2700;"random";10;0.5003
2800;"random";10;0.5419
2900;"random";10;0.5659
3000;"random";10;0.5782
3100;"random";10;0.6173
3200;"random";10;0.6172
3300;"random";10;0.6291
3400;"random";10;0.6549
3500;"random";10;0.6695
3600;"random";10;0.9101
3700;"random";10;0.7956
3800;"random";10;0.7212
3900;"random";10;0.7356
4000;"random";10;0.7543
4100;"random";10;0.7647
4200;"random";10;0.7842
4300;"random";10;0.8001
4400;"random";10;0.821
4500;"random";10;0.8356
4600;"random";10;0.8589
4700;"random";10;0.8719
4800;"random";10;0.8989
4900;"random";10;0.9093
5000;"random";10;0.9257
5100;"random";10;0.9436
5200;"random";10;1.2395
5300;"random";10;1.0344
5400;"random";10;1.0816
5500;"random";10;1.1321
5600;"random";10;1.1673
5700;"random";10;1.1929
5800;"random";10;1.217
5900;"random";10;1.2387
6000;"random";10;1.2613
6100;"random";10;1.2707
6200;"random";10;1.2967
6300;"random";10;1.5698
6400;"random";10;1.3429
6500;"random";10;1.3459
6600;"random";10;1.364
6700;"random";10;1.3875
6800;"random";10;1.4169
6900;"random";10;1.5171
7000;"random";10;1.4437
7100;"random";10;1.458
7200;"random";10;1.5846
7300;"random";10;1.6401
7400;"random";10;1.5062
7500;"random";10;1.5311
7600;"random";10;1.5685
7700;"random";10;1.598
7800;"random";10;1.6043
7900;"random";10;1.6082
8000;"random";10;1.6261
8100;"random";10;1.672
8200;"random";10;1.6597
8300;"random";10;1.6851
8400;"random";10;1.6974
8500;"random";10;1.7376
8600;"random";10;1.7407
8700;"random";10;1.7591
8800;"random";10;1.7827
8900;"random";10;1.8487
9000;"random";10;1.8256
9100;"random";10;1.8361
9200;"random";10;1.8624
9300;"random";10;1.8998
9400;"random";10;1.8862
9500;"random";10;1.9141
9600;"random";10;1.9889
9700;"random";10;1.9691
9800;"random";10;1.9662
9900;"random";10;1.9806
10000;"random";10;2.0102
500;"reversed";10;0.0518
600;"reversed";10;0.0582
700;"reversed";10;0.0797
800;"reversed";10;0.0886
900;"reversed";10;0.0995
1000;"reversed";10;0.1087
1100;"reversed";10;0.1171
1200;"reversed";10;0.1275
1300;"reversed";10;0.143
1400;"reversed";10;0.1681
1500;"reversed";10;0.1808
1600;"reversed";10;0.3249
1700;"reversed";10;0.2085
1800;"reversed";10;0.2589
1900;"reversed";10;0.2299
2000;"reversed";10;0.2467
2100;"reversed";10;0.245
2200;"reversed";10;0.2639
2300;"reversed";10;0.267
2400;"reversed";10;0.283
2500;"reversed";10;0.293
2600;"reversed";10;0.3149
2700;"reversed";10;0.3464
2800;"reversed";10;0.583
2900;"reversed";10;0.386
3000;"reversed";10;0.448
3100;"reversed";10;0.4005
3200;"reversed";10;0.4091
3300;"reversed";10;0.4254
3400;"reversed";10;0.4391
3500;"reversed";10;0.4503
3600;"reversed";10;0.455
3700;"reversed";10;0.4709
3800;"reversed";10;0.623
3900;"reversed";10;0.5044
4000;"reversed";10;0.5361
4100;"reversed";10;0.5168
4200;"reversed";10;0.5332
4300;"reversed";10;0.5468
4400;"reversed";10;0.5661
4500;"reversed";10;0.5652
4600;"reversed";10;0.5732
4700;"reversed";10;0.5959
4800;"reversed";10;0.6017
4900;"reversed";10;0.615
5000;"reversed";10;0.6351
5100;"reversed";10;0.6408
5200;"reversed";10;0.6793
5300;"reversed";10;0.7108
5400;"reversed";10;0.7328
5500;"reversed";10;0.7815
5600;"reversed";10;0.7848
5700;"reversed";10;0.8052
5800;"reversed";10;0.8232
5900;"reversed";10;0.8393
6000;"reversed";10;0.9084
6100;"reversed";10;0.8552
6200;"reversed";10;0.8742
6300;"reversed";10;0.8898
6400;"reversed";10;0.8879
6500;"reversed";10;0.9056
6600;"reversed";10;0.912
6700;"reversed";10;0.9399
6800;"reversed";10;0.9369
6900;"reversed";10;1.0099
7000;"reversed";10;0.9809
7100;"reversed";10;0.9925
7200;"reversed";10;1.0066
7300;"reversed";10;1.1148
7400;"reversed";10;1.026
7500;"reversed";10;1.1156
7600;"reversed";10;1.1693
7700;"reversed";10;1.0601
7800;"reversed";10;1.0715
7900;"reversed";10;1.0843
8000;"reversed";10;1.1177
8100;"reversed";10;1.1171
8200;"reversed";10;1.1202
8300;"reversed";10;1.4141
8400;"reversed";10;1.1705
8500;"reversed";10;1.1505
8600;"reversed";10;1.1674
8700;"reversed";10;1.1908
8800;"reversed";10;1.2263
8900;"reversed";10;1.2262
9000;"reversed";10;1.2349
9100;"reversed";10;1.2423
9200;"reversed";10;1.2789
9300;"reversed";10;1.508
9400;"reversed";10;1.2893
9500;"reversed";10;1.2838
9600;"reversed";10;1.3226
9700;"reversed";10;1.3105
9800;"reversed";10;1.4492
9900;"reversed";10;1.3304
10000;"reversed";10;1.3476
500;"almost_sorted";10;0.0499
600;"almost_sorted";10;0.0502
700;"almost_sorted";10;0.0757
800;"almost_sorted";10;0.0847
900;"almost_sorted";10;0.0944
1000;"almost_sorted";10;0.0978
1100;"almost_sorted";10;0.1031
1200;"almost_sorted";10;0.1104
1300;"almost_sorted";10;0.1241
1400;"almost_sorted";10;0.1596
1500;"almost_sorted";10;0.2192
1600;"almost_sorted";10;0.1776
1700;"almost_sorted";10;0.1886
1800;"almost_sorted";10;0.1956
1900;"almost_sorted";10;0.2032
2000;"almost_sorted";10;0.2199
2100;"almost_sorted";10;0.2181
2200;"almost_sorted";10;0.227
2300;"almost_sorted";10;0.2387
2400;"almost_sorted";10;0.2418
2500;"almost_sorted";10;0.2549
2600;"almost_sorted";10;0.2732
2700;"almost_sorted";10;0.3054
2800;"almost_sorted";10;0.3429
2900;"almost_sorted";10;0.3601
3000;"almost_sorted";10;0.3712
3100;"almost_sorted";10;0.3758
3200;"almost_sorted";10;0.3991
3300;"almost_sorted";10;0.4562
3400;"almost_sorted";10;0.4093
3500;"almost_sorted";10;0.4076
3600;"almost_sorted";10;0.4234
3700;"almost_sorted";10;0.4284
3800;"almost_sorted";10;0.4464
3900;"almost_sorted";10;0.4493
4000;"almost_sorted";10;0.4559
4100;"almost_sorted";10;0.465
4200;"almost_sorted";10;0.4824
4300;"almost_sorted";10;0.4845
4400;"almost_sorted";10;0.505
4500;"almost_sorted";10;0.5148
4600;"almost_sorted";10;0.5151
4700;"almost_sorted";10;0.5176
4800;"almost_sorted";10;0.5246
4900;"almost_sorted";10;0.5437
5000;"almost_sorted";10;0.5523
5100;"almost_sorted";10;0.5751
5200;"almost_sorted";10;0.7323
5300;"almost_sorted";10;0.6348
5400;"almost_sorted";10;0.6669
5500;"almost_sorted";10;0.6916
5600;"almost_sorted";10;0.7432
5700;"almost_sorted";10;0.7583
5800;"almost_sorted";10;0.7693
5900;"almost_sorted";10;0.7815
6000;"almost_sorted";10;0.8218
6100;"almost_sorted";10;0.8159
6200;"almost_sorted";10;0.8213
6300;"almost_sorted";10;0.8263
6400;"almost_sorted";10;0.924
6500;"almost_sorted";10;0.8744
6600;"almost_sorted";10;0.8586
6700;"almost_sorted";10;0.8593
6800;"almost_sorted";10;0.9003
6900;"almost_sorted";10;0.8935
7000;"almost_sorted";10;0.9198
7100;"almost_sorted";10;0.9066
7200;"almost_sorted";10;0.9279
7300;"almost_sorted";10;0.9127
7400;"almost_sorted";10;0.9217
7500;"almost_sorted";10;0.9759
7600;"almost_sorted";10;0.9584
7700;"almost_sorted";10;0.9656
7800;"almost_sorted";10;0.9655
7900;"almost_sorted";10;0.9867
8000;"almost_sorted";10;1.035
8100;"almost_sorted";10;0.9997
8200;"almost_sorted";10;1.0296
8300;"almost_sorted";10;1.0396
8400;"almost_sorted";10;1.0573
8500;"almost_sorted";10;1.0549
8600;"almost_sorted";10;1.3399
8700;"almost_sorted";10;1.0634
8800;"almost_sorted";10;1.0765
8900;"almost_sorted";10;1.1046
9000;"almost_sorted";10;1.0922
9100;"almost_sorted";10;1.1101
9200;"almost_sorted";10;1.1423
9300;"almost_sorted";10;1.1761
9400;"almost_sorted";10;1.1478
9500;"almost_sorted";10;1.1599
9600;"almost_sorted";10;1.1651
9700;"almost_sorted";10;1.1828
9800;"almost_sorted";10;1.2086
9900;"almost_sorted";10;1.2091
10000;"almost_sorted";10;1.2063
500;"random";20;0.066
600;"random";20;0.0755
700;"random";20;0.0992
800;"random";20;0.1122
900;"random";20;0.1306
1000;"random";20;0.1407
1100;"random";20;0.1555
1200;"random";20;0.167
1300;"random";20;0.1934
1400;"random";20;0.2162
1500;"random";20;0.2313
1600;"random";20;0.2495
1700;"random";20;0.2639
1800;"random";20;0.277
1900;"random";20;0.2942
2000;"random";20;0.3136
2100;"random";20;0.3278
2200;"random";20;0.3414
2300;"random";20;0.3576
2400;"random";20;0.3711
2500;"random";20;0.3922
2600;"random";20;0.4189
2700;"random";20;0.4607
2800;"random";20;0.4711
2900;"random";20;0.4904
3000;"random";20;0.5122
3100;"random";20;0.527
3200;"random";20;0.5564
3300;"random";20;0.5586
3400;"random";20;0.5746
3500;"random";20;0.595
3600;"random";20;0.6088
3700;"random";20;0.6293
3800;"random";20;0.6468
3900;"random";20;0.6651
4000;"random";20;0.683
4100;"random";20;0.7042
4200;"random";20;0.7159
4300;"random";20;0.7329
4400;"random";20;0.7557
4500;"random";20;0.7703
4600;"random";20;0.7893
4700;"random";20;0.8027
4800;"random";20;0.8204
4900;"random";20;0.842
5000;"random";20;0.8475
5100;"random";20;0.9857
5200;"random";20;1.0601
5300;"random";20;0.9659
5400;"random";20;1.0114
5500;"random";20;1.0218
5600;"random";20;1.1064
5700;"random";20;1.0889
5800;"random";20;1.0726
5900;"random";20;1.1079
6000;"random";20;1.1245
6100;"random";20;1.132
6200;"random";20;1.1863
6300;"random";20;1.1828
6400;"random";20;1.3426
6500;"random";20;1.2057
6600;"random";20;1.232
6700;"random";20;1.2995
6800;"random";20;1.2596
6900;"random";20;1.3017
7000;"random";20;1.31
7100;"random";20;1.3263
7200;"random";20;1.3463
7300;"random";20;1.3634
7400;"random";20;1.7278
7500;"random";20;1.3924
7600;"random";20;1.4418
7700;"random";20;1.4347
7800;"random";20;1.452
7900;"random";20;1.4683
8000;"random";20;1.4862
8100;"random";20;1.5255
8200;"random";20;1.6174
8300;"random";20;1.7436
8400;"random";20;1.5494
8500;"random";20;1.5953
8600;"random";20;1.6321
8700;"random";20;1.6251
8800;"random";20;1.6536
8900;"random";20;1.6596
9000;"random";20;1.7701
9100;"random";20;1.8377
9200;"random";20;1.7309
9300;"random";20;1.7578
9400;"random";20;1.7681
9500;"random";20;1.7814
9600;"random";20;1.789
9700;"random";20;1.8131
9800;"random";20;1.9419
9900;"random";20;1.8624
10000;"random";20;1.8703
500;"reversed";20;0.0506
600;"reversed";20;0.0603
700;"reversed";20;0.0715
800;"reversed";20;0.0813
900;"reversed";20;0.0928
1000;"reversed";20;0.1039
1100;"reversed";20;0.1176
1200;"reversed";20;0.1287
1300;"reversed";20;0.1486
1400;"reversed";20;0.1489
1500;"reversed";20;0.1623
1600;"reversed";20;0.1726
1700;"reversed";20;0.1874
1800;"reversed";20;0.1958
1900;"reversed";20;0.2108
2000;"reversed";20;0.2242
2100;"reversed";20;0.2386
2200;"reversed";20;0.2558
2300;"reversed";20;0.2655
2400;"reversed";20;0.2861
2500;"reversed";20;0.2969
2600;"reversed";20;0.3114
2700;"reversed";20;0.3165
2800;"reversed";20;0.325
2900;"reversed";20;0.3396
3000;"reversed";20;0.35
3100;"reversed";20;0.3692
3200;"reversed";20;0.3739
3300;"reversed";20;0.3946
3400;"reversed";20;0.4041
3500;"reversed";20;0.4372
3600;"reversed";20;0.4302
3700;"reversed";20;0.4446
3800;"reversed";20;0.4681
3900;"reversed";20;0.4813
4000;"reversed";20;0.4952
4100;"reversed";20;0.5289
4200;"reversed";20;0.532
4300;"reversed";20;0.5296
4400;"reversed";20;0.5478
4500;"reversed";20;0.5588
4600;"reversed";20;0.5838
4700;"reversed";20;0.616
4800;"reversed";20;0.7198
4900;"reversed";20;0.6261
5000;"reversed";20;0.6398
5100;"reversed";20;0.6545
5200;"reversed";20;0.686
5300;"reversed";20;0.7916
5400;"reversed";20;0.6922
5500;"reversed";20;0.702
5600;"reversed";20;0.7202
5700;"reversed";20;0.7339
5800;"reversed";20;0.8391
5900;"reversed";20;0.7603
6000;"reversed";20;0.7747
6100;"reversed";20;0.8522
6200;"reversed";20;0.8026
6300;"reversed";20;0.8168
6400;"reversed";20;0.8669
6500;"reversed";20;0.8785
6600;"reversed";20;0.8409
6700;"reversed";20;1.079
6800;"reversed";20;0.9211
6900;"reversed";20;0.9555
7000;"reversed";20;0.9069
7100;"reversed";20;1.1497
7200;"reversed";20;0.969
7300;"reversed";20;0.9734
7400;"reversed";20;0.9878
7500;"reversed";20;1.0235
7600;"reversed";20;1.0071
7700;"reversed";20;1.0292
7800;"reversed";20;1.6194
7900;"reversed";20;1.06
8000;"reversed";20;1.0655
8100;"reversed";20;1.0942
8200;"reversed";20;1.1148
8300;"reversed";20;1.1155
8400;"reversed";20;1.1096
8500;"reversed";20;1.1279
8600;"reversed";20;1.1381
8700;"reversed";20;1.1541
8800;"reversed";20;1.1726
8900;"reversed";20;1.1871
9000;"reversed";20;1.216
9100;"reversed";20;1.218
9200;"reversed";20;1.2452
9300;"reversed";20;1.2578
9400;"reversed";20;1.2781
9500;"reversed";20;1.293
9600;"reversed";20;1.3193
9700;"reversed";20;1.3237
9800;"reversed";20;1.3368
9900;"reversed";20;1.3695
10000;"reversed";20;1.3793
500;"almost_sorted";20;0.0365
600;"almost_sorted";20;0.0403
700;"almost_sorted";20;0.0584
800;"almost_sorted";20;0.0646
900;"almost_sorted";20;0.0718
1000;"almost_sorted";20;0.076
1100;"almost_sorted";20;0.0837
1200;"almost_sorted";20;0.0891
1300;"almost_sorted";20;0.1011
1400;"almost_sorted";20;0.1234
1500;"almost_sorted";20;0.134
1600;"almost_sorted";20;0.1391
1700;"almost_sorted";20;0.1504
1800;"almost_sorted";20;0.152
1900;"almost_sorted";20;0.1648
2000;"almost_sorted";20;0.1669
2100;"almost_sorted";20;0.1783
2200;"almost_sorted";20;0.1917
2300;"almost_sorted";20;0.19
2400;"almost_sorted";20;0.2018
2500;"almost_sorted";20;0.2088
2600;"almost_sorted";20;0.2284
2700;"almost_sorted";20;0.4524
2800;"almost_sorted";20;0.2819
2900;"almost_sorted";20;0.2866
3000;"almost_sorted";20;0.289
3100;"almost_sorted";20;0.299
3200;"almost_sorted";20;0.3152
3300;"almost_sorted";20;0.3214
3400;"almost_sorted";20;0.3209
3500;"almost_sorted";20;0.3391
3600;"almost_sorted";20;0.3425
3700;"almost_sorted";20;0.349
3800;"almost_sorted";20;0.3567
3900;"almost_sorted";20;0.3735
4000;"almost_sorted";20;0.5337
4100;"almost_sorted";20;0.428
4200;"almost_sorted";20;0.4011
4300;"almost_sorted";20;0.4177
4400;"almost_sorted";20;0.4194
4500;"almost_sorted";20;0.4844
4600;"almost_sorted";20;0.4457
4700;"almost_sorted";20;0.4487
4800;"almost_sorted";20;0.4923
4900;"almost_sorted";20;0.5622
5000;"almost_sorted";20;0.4778
5100;"almost_sorted";20;0.4852
5200;"almost_sorted";20;0.5173
5300;"almost_sorted";20;0.572
5400;"almost_sorted";20;0.5987
5500;"almost_sorted";20;0.6119
5600;"almost_sorted";20;0.6202
5700;"almost_sorted";20;0.641
5800;"almost_sorted";20;0.7194
5900;"almost_sorted";20;0.8374
6000;"almost_sorted";20;0.6986
6100;"almost_sorted";20;0.6918
6200;"almost_sorted";20;0.6719
6300;"almost_sorted";20;0.6986
6400;"almost_sorted";20;0.7017
6500;"almost_sorted";20;0.7082
6600;"almost_sorted";20;0.7327
6700;"almost_sorted";20;0.7262
6800;"almost_sorted";20;0.7486
6900;"almost_sorted";20;0.7409
7000;"almost_sorted";20;1.1869
7100;"almost_sorted";20;0.7695
7200;"almost_sorted";20;0.7708
7300;"almost_sorted";20;0.7802
7400;"almost_sorted";20;0.7853
7500;"almost_sorted";20;0.8036
7600;"almost_sorted";20;0.8058
7700;"almost_sorted";20;0.8197
7800;"almost_sorted";20;0.8315
7900;"almost_sorted";20;0.8245
8000;"almost_sorted";20;0.8298
8100;"almost_sorted";20;0.9133
8200;"almost_sorted";20;0.8539
8300;"almost_sorted";20;0.8562
8400;"almost_sorted";20;0.8681
8500;"almost_sorted";20;0.8722
8600;"almost_sorted";20;1.0046
8700;"almost_sorted";20;0.9053
8800;"almost_sorted";20;0.9148
8900;"almost_sorted";20;0.9249
9000;"almost_sorted";20;0.9247
9100;"almost_sorted";20;1.0755
9200;"almost_sorted";20;0.9724
9300;"almost_sorted";20;1.0037
9400;"almost_sorted";20;1.0131
9500;"almost_sorted";20;1.0095
9600;"almost_sorted";20;0.9809
9700;"almost_sorted";20;1.0016
9800;"almost_sorted";20;1.0093
9900;"almost_sorted";20;1.395
10000;"almost_sorted";20;1.0802
500;"random";30;0.0925
600;"random";30;0.0743
700;"random";30;0.0927
800;"random";30;0.1123
900;"random";30;0.1302
1000;"random";30;0.1521
1100;"random";30;0.1565
1200;"random";30;0.1867
1300;"random";30;0.1865
1400;"random";30;0.2003
1500;"random";30;0.2189
1600;"random";30;0.2635
1700;"random";30;0.2555
1800;"random";30;0.2641
1900;"random";30;0.3151
2000;"random";30;0.3112
2100;"random";30;0.3334
2200;"random";30;0.3543
2300;"random";30;0.3631
2400;"random";30;0.4196
2500;"random";30;0.3969
2600;"random";30;0.4417
2700;"random";30;0.432
2800;"random";30;0.4774
2900;"random";30;0.4606
3000;"random";30;0.4935
3100;"random";30;0.5275
3200;"random";30;0.5154
3300;"random";30;0.5611
3400;"random";30;0.6141
3500;"random";30;0.8046
3600;"random";30;0.5866
3700;"random";30;0.6424
3800;"random";30;0.643
3900;"random";30;0.6683
4000;"random";30;0.6888
4100;"random";30;0.7196
4200;"random";30;0.7475
4300;"random";30;0.7592
4400;"random";30;0.7759
4500;"random";30;0.8002
4600;"random";30;0.7869
4700;"random";30;0.8447
4800;"random";30;0.8424
4900;"random";30;0.8648
5000;"random";30;0.8776
5100;"random";30;0.9248
5200;"random";30;0.9507
5300;"random";30;0.9172
5400;"random";30;0.9412
5500;"random";30;0.9521
5600;"random";30;0.969
5700;"random";30;0.9904
5800;"random";30;1.0055
5900;"random";30;1.0218
6000;"random";30;1.0461
6100;"random";30;1.0655
6200;"random";30;1.0871
6300;"random";30;1.1094
6400;"random";30;1.1312
6500;"random";30;1.1578
6600;"random";30;1.2517
6700;"random";30;1.2273
6800;"random";30;1.27
6900;"random";30;1.2617
7000;"random";30;1.2873
7100;"random";30;1.2723
7200;"random";30;1.3071
7300;"random";30;1.3424
7400;"random";30;1.3436
7500;"random";30;1.375
7600;"random";30;1.4304
7700;"random";30;1.4399
7800;"random";30;1.4776
7900;"random";30;1.5123
8000;"random";30;1.4915
8100;"random";30;1.5544
8200;"random";30;1.5608
8300;"random";30;1.598
8400;"random";30;1.619
8500;"random";30;1.8364
8600;"random";30;1.6778
8700;"random";30;1.6933
8800;"random";30;1.6801
8900;"random";30;1.6849
9000;"random";30;1.8499
9100;"random";30;1.7102
9200;"random";30;1.8562
9300;"random";30;1.8632
9400;"random";30;1.8343
9500;"random";30;1.8358
9600;"random";30;1.8699
9700;"random";30;1.8719
9800;"random";30;1.8882
9900;"random";30;1.9849
10000;"random";30;1.8745
500;"reversed";30;0.0511
600;"reversed";30;0.0603
700;"reversed";30;0.0744
800;"reversed";30;0.0922
900;"reversed";30;0.109
1000;"reversed";30;0.1073
1100;"reversed";30;0.1181
1200;"reversed";30;0.1291
1300;"reversed";30;0.1459
1400;"reversed";30;0.1593
1500;"reversed";30;0.1765
1600;"reversed";30;0.1916
1700;"reversed";30;0.2127
1800;"reversed";30;0.2268
1900;"reversed";30;0.2477
2000;"reversed";30;0.2257
2100;"reversed";30;0.2401
2200;"reversed";30;0.2556
2300;"reversed";30;0.2638
2400;"reversed";30;0.2813
2500;"reversed";30;0.2966
2600;"reversed";30;0.3116
2700;"reversed";30;0.329
2800;"reversed";30;0.3433
2900;"reversed";30;0.3647
3000;"reversed";30;0.3767
3100;"reversed";30;0.3958
3200;"reversed";30;0.4118
3300;"reversed";30;0.4307
3400;"reversed";30;0.5129
3500;"reversed";30;0.4762
3600;"reversed";30;0.4951
3700;"reversed";30;0.5073
3800;"reversed";30;0.5282
3900;"reversed";30;0.5134
4000;"reversed";30;0.4859
4100;"reversed";30;0.5236
4200;"reversed";30;0.5266
4300;"reversed";30;0.5366
4400;"reversed";30;0.5531
4500;"reversed";30;0.5614
4600;"reversed";30;0.574
4700;"reversed";30;0.5947
4800;"reversed";30;0.609
4900;"reversed";30;0.6305
5000;"reversed";30;0.6412
5100;"reversed";30;0.6535
5200;"reversed";30;0.6722
5300;"reversed";30;0.6937
5400;"reversed";30;0.7445
5500;"reversed";30;0.7363
5600;"reversed";30;0.7476
5700;"reversed";30;0.7598
5800;"reversed";30;0.8103
5900;"reversed";30;0.8098
6000;"reversed";30;0.8236
6100;"reversed";30;0.8471
6200;"reversed";30;0.8519
6300;"reversed";30;0.8679
6400;"reversed";30;0.8881
6500;"reversed";30;0.9139
6600;"reversed";30;0.9223
6700;"reversed";30;0.9512
6800;"reversed";30;0.9698
6900;"reversed";30;0.9837
7000;"reversed";30;1.0017
7100;"reversed";30;1.0219
7200;"reversed";30;1.0476
7300;"reversed";30;1.0635
7400;"reversed";30;1.0821
7500;"reversed";30;1.1109
7600;"reversed";30;1.1305
7700;"reversed";30;1.1355
7800;"reversed";30;1.1463
7900;"reversed";30;1.1145
8000;"reversed";30;1.0537
8100;"reversed";30;1.0693
8200;"reversed";30;1.0835
8300;"reversed";30;1.1124
8400;"reversed";30;1.1129
8500;"reversed";30;1.1282
8600;"reversed";30;1.1545
8700;"reversed";30;1.1518
8800;"reversed";30;1.1811
8900;"reversed";30;1.2052
9000;"reversed";30;1.2127
9100;"reversed";30;1.2232
9200;"reversed";30;1.4625
9300;"reversed";30;1.285
9400;"reversed";30;1.2797
9500;"reversed";30;1.3122
9600;"reversed";30;1.3354
9700;"reversed";30;1.3206
9800;"reversed";30;1.3572
9900;"reversed";30;1.3607
10000;"reversed";30;1.3799
500;"almost_sorted";30;0.0373
600;"almost_sorted";30;0.0389
700;"almost_sorted";30;0.0449
800;"almost_sorted";30;0.0537
900;"almost_sorted";30;0.0591
1000;"almost_sorted";30;0.1059
1100;"almost_sorted";30;0.0828
1200;"almost_sorted";30;0.089
1300;"almost_sorted";30;0.0976
1400;"almost_sorted";30;0.1044
1500;"almost_sorted";30;0.1087
1600;"almost_sorted";30;0.115
1700;"almost_sorted";30;0.1213
1800;"almost_sorted";30;0.13
1900;"almost_sorted";30;0.1378
2000;"almost_sorted";30;0.1728
2100;"almost_sorted";30;0.1764
2200;"almost_sorted";30;0.1866
2300;"almost_sorted";30;0.193
2400;"almost_sorted";30;0.4537
2500;"almost_sorted";30;0.2073
2600;"almost_sorted";30;0.2179
2700;"almost_sorted";30;0.2251
2800;"almost_sorted";30;0.2313
2900;"almost_sorted";30;0.2408
3000;"almost_sorted";30;0.2476
3100;"almost_sorted";30;0.2533
3200;"almost_sorted";30;0.2639
3300;"almost_sorted";30;0.2718
3400;"almost_sorted";30;0.2797
3500;"almost_sorted";30;0.2971
3600;"almost_sorted";30;0.2976
3700;"almost_sorted";30;0.2933
3800;"almost_sorted";30;0.3045
3900;"almost_sorted";30;0.3504
4000;"almost_sorted";30;0.3871
4100;"almost_sorted";30;0.4096
4200;"almost_sorted";30;0.4019
4300;"almost_sorted";30;0.415
4400;"almost_sorted";30;0.4163
4500;"almost_sorted";30;0.4208
4600;"almost_sorted";30;0.4276
4700;"almost_sorted";30;0.4283
4800;"almost_sorted";30;0.4398
4900;"almost_sorted";30;0.4522
5000;"almost_sorted";30;0.4589
5100;"almost_sorted";30;0.4692
5200;"almost_sorted";30;0.4908
5300;"almost_sorted";30;0.6204
5400;"almost_sorted";30;0.4939
5500;"almost_sorted";30;0.4952
5600;"almost_sorted";30;0.5099
5700;"almost_sorted";30;0.525
5800;"almost_sorted";30;0.5243
5900;"almost_sorted";30;0.525
6000;"almost_sorted";30;0.5417
6100;"almost_sorted";30;0.5823
6200;"almost_sorted";30;0.5703
6300;"almost_sorted";30;0.5829
6400;"almost_sorted";30;0.5769
6500;"almost_sorted";30;0.5893
6600;"almost_sorted";30;0.6093
6700;"almost_sorted";30;0.5947
6800;"almost_sorted";30;0.6305
6900;"almost_sorted";30;0.6105
7000;"almost_sorted";30;0.6226
7100;"almost_sorted";30;0.6374
7200;"almost_sorted";30;0.6627
7300;"almost_sorted";30;0.6482
7400;"almost_sorted";30;0.6692
7500;"almost_sorted";30;0.6661
7600;"almost_sorted";30;0.6817
7700;"almost_sorted";30;0.6942
7800;"almost_sorted";30;0.7574
7900;"almost_sorted";30;0.8121
8000;"almost_sorted";30;0.8369
8100;"almost_sorted";30;0.8458
8200;"almost_sorted";30;0.851
8300;"almost_sorted";30;0.863
8400;"almost_sorted";30;1.0141
8500;"almost_sorted";30;0.8712
8600;"almost_sorted";30;0.894
8700;"almost_sorted";30;0.9056
8800;"almost_sorted";30;0.8967
8900;"almost_sorted";30;0.9949
9000;"almost_sorted";30;0.9222
9100;"almost_sorted";30;0.9176
9200;"almost_sorted";30;0.942
9300;"almost_sorted";30;0.9498
9400;"almost_sorted";30;0.9889
9500;"almost_sorted";30;0.9756
9600;"almost_sorted";30;0.9831
9700;"almost_sorted";30;1.0141
9800;"almost_sorted";30;1.0526
9900;"almost_sorted";30;1.0094
10000;"almost_sorted";30;1.0319
500;"random";50;0.063
600;"random";50;0.0745
700;"random";50;0.0981
800;"random";50;0.1159
900;"random";50;0.1299
1000;"random";50;0.1398
1100;"random";50;0.1533
1200;"random";50;0.1731
1300;"random";50;0.1926
1400;"random";50;0.2078
1500;"random";50;0.2307
1600;"random";50;0.2454
1700;"random";50;0.2602
1800;"random";50;0.2629
1900;"random";50;0.2903
2000;"random";50;0.3047
2100;"random";50;0.3244
2200;"random";50;0.3481
2300;"random";50;0.361
2400;"random";50;0.3777
2500;"random";50;0.3985
2600;"random";50;0.4113
2700;"random";50;0.4868
2800;"random";50;0.5747
2900;"random";50;0.4723
3000;"random";50;0.4944
3100;"random";50;0.5099
3200;"random";50;0.5381
3300;"random";50;0.5269
3400;"random";50;0.5441
3500;"random";50;0.5658
3600;"random";50;0.5791
3700;"random";50;0.6016
3800;"random";50;0.6221
3900;"random";50;0.6385
4000;"random";50;0.6524
4100;"random";50;0.6814
4200;"random";50;0.7009
4300;"random";50;0.7193
4400;"random";50;0.7365
4500;"random";50;0.7563
4600;"random";50;0.7758
4700;"random";50;0.789
4800;"random";50;0.8156
4900;"random";50;0.8645
5000;"random";50;0.8658
5100;"random";50;0.8846
5200;"random";50;0.903
5300;"random";50;0.9412
5400;"random";50;1.2574
5500;"random";50;1.0647
5600;"random";50;1.0025
5700;"random";50;1.0222
5800;"random";50;1.0397
5900;"random";50;1.0915
6000;"random";50;1.092
6100;"random";50;1.1151
6200;"random";50;1.2191
6300;"random";50;1.2303
6400;"random";50;1.1652
6500;"random";50;1.1567
6600;"random";50;1.1671
6700;"random";50;1.1726
6800;"random";50;1.1946
6900;"random";50;1.2147
7000;"random";50;1.2629
7100;"random";50;1.2546
7200;"random";50;1.2864
7300;"random";50;1.3443
7400;"random";50;1.4714
7500;"random";50;1.338
7600;"random";50;1.3648
7700;"random";50;1.3792
7800;"random";50;1.3961
7900;"random";50;1.4276
8000;"random";50;1.448
8100;"random";50;1.4662
8200;"random";50;1.4871
8300;"random";50;1.6943
8400;"random";50;1.5303
8500;"random";50;1.5616
8600;"random";50;1.5757
8700;"random";50;1.5938
8800;"random";50;1.6234
8900;"random";50;1.639
9000;"random";50;1.6608
9100;"random";50;1.7126
9200;"random";50;1.7113
9300;"random";50;1.7214
9400;"random";50;1.749
9500;"random";50;1.7666
9600;"random";50;1.7969
9700;"random";50;1.8124
9800;"random";50;1.8409
9900;"random";50;1.8636
10000;"random";50;1.898
500;"reversed";50;0.0649
600;"reversed";50;0.0778
700;"reversed";50;0.1046
800;"reversed";50;0.1313
900;"reversed";50;0.1174
1000;"reversed";50;0.1246
1100;"reversed";50;0.1445
1200;"reversed";50;0.1672
1300;"reversed";50;0.1915
1400;"reversed";50;0.2114
1500;"reversed";50;0.2404
1600;"reversed";50;0.2616
1700;"reversed";50;0.2232
1800;"reversed";50;0.2267
1900;"reversed";50;0.2538
2000;"reversed";50;0.2695
2100;"reversed";50;0.2944
2200;"reversed";50;0.397
2300;"reversed";50;0.333
2400;"reversed";50;0.354
2500;"reversed";50;0.383
2600;"reversed";50;0.4002
2700;"reversed";50;0.4316
2800;"reversed";50;0.4592
2900;"reversed";50;0.4714
3000;"reversed";50;0.4974
3100;"reversed";50;0.5342
3200;"reversed";50;0.5534
3300;"reversed";50;0.4454
3400;"reversed";50;0.4753
3500;"reversed";50;0.4808
3600;"reversed";50;0.4951
3700;"reversed";50;0.506
3800;"reversed";50;0.5303
3900;"reversed";50;0.557
4000;"reversed";50;0.579
4100;"reversed";50;0.6038
4200;"reversed";50;0.6138
4300;"reversed";50;0.6483
4400;"reversed";50;0.6535
4500;"reversed";50;0.6799
4600;"reversed";50;0.6975
4700;"reversed";50;0.7237
4800;"reversed";50;0.7497
4900;"reversed";50;0.7708
5000;"reversed";50;0.7913
5100;"reversed";50;0.8211
5200;"reversed";50;0.8423
5300;"reversed";50;0.8809
5400;"reversed";50;0.9062
5500;"reversed";50;0.9195
5600;"reversed";50;0.9417
5700;"reversed";50;1.0272
5800;"reversed";50;0.9962
5900;"reversed";50;1.0195
6000;"reversed";50;1.0454
6100;"reversed";50;1.0816
6200;"reversed";50;1.1253
6300;"reversed";50;1.158
6400;"reversed";50;1.1663
6500;"reversed";50;0.9665
6600;"reversed";50;1.0287
6700;"reversed";50;0.9438
6800;"reversed";50;0.9635
6900;"reversed";50;0.9835
7000;"reversed";50;1.1106
7100;"reversed";50;1.0301
7200;"reversed";50;1.0513
7300;"reversed";50;1.0713
7400;"reversed";50;1.0884
7500;"reversed";50;1.114
7600;"reversed";50;1.1315
7700;"reversed";50;1.1498
7800;"reversed";50;1.173
7900;"reversed";50;1.2021
8000;"reversed";50;1.2189
8100;"reversed";50;1.2478
8200;"reversed";50;1.2746
8300;"reversed";50;1.3552
8400;"reversed";50;1.5324
8500;"reversed";50;1.8883
8600;"reversed";50;1.3415
8700;"reversed";50;1.4181
8800;"reversed";50;1.3995
8900;"reversed";50;1.4105
9000;"reversed";50;1.5196
9100;"reversed";50;1.4617
9200;"reversed";50;1.5274
9300;"reversed";50;1.5291
9400;"reversed";50;1.5653
9500;"reversed";50;1.5681
9600;"reversed";50;1.5864
9700;"reversed";50;1.6085
9800;"reversed";50;1.779
9900;"reversed";50;1.9793
10000;"reversed";50;1.7162
500;"almost_sorted";50;0.0288
600;"almost_sorted";50;0.0311
700;"almost_sorted";50;0.0363
800;"almost_sorted";50;0.04
900;"almost_sorted";50;0.0597
1000;"almost_sorted";50;0.0625
1100;"almost_sorted";50;0.0676
1200;"almost_sorted";50;0.0712
1300;"almost_sorted";50;0.0931
1400;"almost_sorted";50;0.1029
1500;"almost_sorted";50;0.0953
1600;"almost_sorted";50;0.0961
1700;"almost_sorted";50;0.1309
1800;"almost_sorted";50;0.1281
1900;"almost_sorted";50;0.1366
2000;"almost_sorted";50;0.1449
2100;"almost_sorted";50;0.1507
2200;"almost_sorted";50;0.186
2300;"almost_sorted";50;0.206
2400;"almost_sorted";50;0.1714
2500;"almost_sorted";50;0.1785
2600;"almost_sorted";50;0.2255
2700;"almost_sorted";50;0.3112
2800;"almost_sorted";50;0.1998
2900;"almost_sorted";50;0.2047
3000;"almost_sorted";50;0.2106
3100;"almost_sorted";50;0.2225
3200;"almost_sorted";50;0.2253
3300;"almost_sorted";50;0.2653
3400;"almost_sorted";50;0.2862
3500;"almost_sorted";50;0.2922
3600;"almost_sorted";50;0.3001
3700;"almost_sorted";50;0.2901
3800;"almost_sorted";50;0.3121
3900;"almost_sorted";50;0.3135
4000;"almost_sorted";50;0.3252
4100;"almost_sorted";50;0.3437
4200;"almost_sorted";50;0.4229
4300;"almost_sorted";50;0.3485
4400;"almost_sorted";50;0.3512
4500;"almost_sorted";50;0.8004
4600;"almost_sorted";50;0.3615
4700;"almost_sorted";50;0.3795
4800;"almost_sorted";50;0.3779
4900;"almost_sorted";50;0.3898
5000;"almost_sorted";50;0.4029
5100;"almost_sorted";50;0.4044
5200;"almost_sorted";50;0.4027
5300;"almost_sorted";50;0.4311
5400;"almost_sorted";50;0.4765
5500;"almost_sorted";50;0.429
5600;"almost_sorted";50;0.4388
5700;"almost_sorted";50;0.4421
5800;"almost_sorted";50;0.4632
5900;"almost_sorted";50;0.4624
6000;"almost_sorted";50;0.4678
6100;"almost_sorted";50;0.4843
6200;"almost_sorted";50;0.5126
6300;"almost_sorted";50;0.4869
6400;"almost_sorted";50;0.5038
6500;"almost_sorted";50;0.5769
6600;"almost_sorted";50;0.6093
6700;"almost_sorted";50;0.6004
6800;"almost_sorted";50;0.6135
6900;"almost_sorted";50;0.6681
7000;"almost_sorted";50;0.6262
7100;"almost_sorted";50;0.6421
7200;"almost_sorted";50;0.6626
7300;"almost_sorted";50;0.6564
7400;"almost_sorted";50;0.6602
7500;"almost_sorted";50;0.7721
7600;"almost_sorted";50;0.6793
7700;"almost_sorted";50;0.6989
7800;"almost_sorted";50;0.6999
7900;"almost_sorted";50;0.7002
8000;"almost_sorted";50;0.7185
8100;"almost_sorted";50;0.7147
8200;"almost_sorted";50;0.7415
8300;"almost_sorted";50;0.7454
8400;"almost_sorted";50;0.7516
8500;"almost_sorted";50;0.7499
8600;"almost_sorted";50;0.8625
8700;"almost_sorted";50;0.7727
8800;"almost_sorted";50;0.7991
8900;"almost_sorted";50;0.7844
9000;"almost_sorted";50;0.7986
9100;"almost_sorted";50;0.8156
9200;"almost_sorted";50;0.8201
9300;"almost_sorted";50;0.8267
9400;"almost_sorted";50;0.8255
9500;"almost_sorted";50;0.8444
9600;"almost_sorted";50;0.8857
9700;"almost_sorted";50;0.8613
9800;"almost_sorted";50;0.8632
9900;"almost_sorted";50;0.8726
10000;"almost_sorted";50;0.903
